Species,Protein Name,FASTA,Uniprot Link,Uniprot Accession,Sequence Length,Max Structural Coverage,Paper Source
Sars-CoV-1,M Protein,">sp|P59596|VME1_SARS Membrane protein OS=Severe acute respiratory syndrome coronavirus OX=694009 GN=M PE=1 SV=1
MADNGTITVEELKQLLEQWNLVIGFLFLAWIMLLQFAYSNRNRFLYIIKLVFLWLLWPVT
LACFVLAAVYRINWVTGGIAIAMACIVGLMWLSYFVASFRLFARTRSMWSFNPETNILLN
VPLRGTIVTRPLMESELVIGAVIIRGHLRMAGHSLGRCDIKDLPKEITVATSRTLSYYKL
GASQRVGTDSGFAAYNRYRIGNYKLNTDHAGSNDNIALLVQ",https://www.uniprot.org/uniprotkb/P59596/entry,P59596,221,84.62%,https://doi.org/10.1016/S1672-0229(03)01016-7
Sars-CoV-1,E Protein,">sp|P59637|VEMP_SARS Envelope small membrane protein OS=Severe acute respiratory syndrome coronavirus OX=694009 GN=E PE=1 SV=1
MYSFVSEETGTLIVNSVLLFLAFVVFLLVTLAILTALRLCAYCCNIVNVSLVKPTVYVYS
RVKNLNSSEGVPDLLV",https://www.uniprot.org/uniprotkb/P59637/entry,P59637,76,75.00%,
Sars-CoV-1,S Protein,">sp|P59594|SPIKE_SARS Spike glycoprotein OS=Severe acute respiratory syndrome coronavirus OX=694009 GN=S PE=1 SV=1
MFIFLLFLTLTSGSDLDRCTTFDDVQAPNYTQHTSSMRGVYYPDEIFRSDTLYLTQDLFL
PFYSNVTGFHTINHTFGNPVIPFKDGIYFAATEKSNVVRGWVFGSTMNNKSQSVIIINNS
TNVVIRACNFELCDNPFFAVSKPMGTQTHTMIFDNAFNCTFEYISDAFSLDVSEKSGNFK
HLREFVFKNKDGFLYVYKGYQPIDVVRDLPSGFNTLKPIFKLPLGINITNFRAILTAFSP
AQDIWGTSAAAYFVGYLKPTTFMLKYDENGTITDAVDCSQNPLAELKCSVKSFEIDKGIY
QTSNFRVVPSGDVVRFPNITNLCPFGEVFNATKFPSVYAWERKKISNCVADYSVLYNSTF
FSTFKCYGVSATKLNDLCFSNVYADSFVVKGDDVRQIAPGQTGVIADYNYKLPDDFMGCV
LAWNTRNIDATSTGNYNYKYRYLRHGKLRPFERDISNVPFSPDGKPCTPPALNCYWPLND
YGFYTTTGIGYQPYRVVVLSFELLNAPATVCGPKLSTDLIKNQCVNFNFNGLTGTGVLTP
SSKRFQPFQQFGRDVSDFTDSVRDPKTSEILDISPCSFGGVSVITPGTNASSEVAVLYQD
VNCTDVSTAIHADQLTPAWRIYSTGNNVFQTQAGCLIGAEHVDTSYECDIPIGAGICASY
HTVSLLRSTSQKSIVAYTMSLGADSSIAYSNNTIAIPTNFSISITTEVMPVSMAKTSVDC
NMYICGDSTECANLLLQYGSFCTQLNRALSGIAAEQDRNTREVFAQVKQMYKTPTLKYFG
GFNFSQILPDPLKPTKRSFIEDLLFNKVTLADAGFMKQYGECLGDINARDLICAQKFNGL
TVLPPLLTDDMIAAYTAALVSGTATAGWTFGAGAALQIPFAMQMAYRFNGIGVTQNVLYE
NQKQIANQFNKAISQIQESLTTTSTALGKLQDVVNQNAQALNTLVKQLSSNFGAISSVLN
DILSRLDKVEAEVQIDRLITGRLQSLQTYVTQQLIRAAEIRASANLAATKMSECVLGQSK
RVDFCGKGYHLMSFPQAAPHGVVFLHVTYVPSQERNFTTAPAICHEGKAYFPREGVFVFN
GTSWFITQRNFFSPQIITTDNTFVSGNCDVVIGIINNTVYDPLQPELDSFKEELDKYFKN
HTSPDVDLGDISGINASVVNIQKEIDRLNEVAKNLNESLIDLQELGKYEQYIKWPWYVWL
GFIAGLIAIVMVTILLCCMTSCCSCLKGACSCGSCCKFDEDDSEPVLKGVKLHYT",https://www.uniprot.org/uniprotkb/P59594/entry,P59594,1255,95.30%,
Sars-CoV-1,N Protein,">sp|P59595|NCAP_SARS Nucleoprotein OS=Severe acute respiratory syndrome coronavirus OX=694009 GN=N PE=1 SV=1
MSDNGPQSNQRSAPRITFGGPTDSTDNNQNGGRNGARPKQRRPQGLPNNTASWFTALTQH
GKEELRFPRGQGVPINTNSGPDDQIGYYRRATRRVRGGDGKMKELSPRWYFYYLGTGPEA
SLPYGANKEGIVWVATEGALNTPKDHIGTRNPNNNAATVLQLPQGTTLPKGFYAEGSRGG
SQASSRSSSRSRGNSRNSTPGSSRGNSPARMASGGGETALALLLLDRLNQLESKVSGKGQ
QQQGQTVTKKSAAEASKKPRQKRTATKQYNVTQAFGRRGPEQTQGNFGDQDLIRQGTDYK
HWPQIAQFAPSASAFFGMSRIGMEVTPSGTWLTYHGAIKLDDKDPQFKDNVILLNKHIDA
YKTFPPTEPKKDKKKKTDEAQPLPQRQKKQPTVTLLPAADMDDFSRQLQNSMSGASADST
QA",https://www.uniprot.org/uniprotkb/P59595/entry,P59595,422,26.78%,
Sars-CoV-2,M Protein,">sp|P0DTC5|VME1_SARS2 Membrane protein OS=Severe acute respiratory syndrome coronavirus 2 OX=2697049 GN=M PE=1 SV=1
MADSNGTITVEELKKLLEQWNLVIGFLFLTWICLLQFAYANRNRFLYIIKLIFLWLLWPV
TLACFVLAAVYRINWITGGIAIAMACLVGLMWLSYFIASFRLFARTRSMWSFNPETNILL
NVPLHGTILTRPLLESELVIGAVILRGHLRIAGHHLGRCDIKDLPKEITVATSRTLSYYK
LGASQRVAGDSGFAAYSRYRIGNYKLNTDHSSSSDNIALLVQ",https://www.uniprot.org/uniprotkb/P0DTC5/entry,P0DTC5,222,100.00%,
Sars-CoV-2,E Protein,">sp|P0DTC4|VEMP_SARS2 Envelope small membrane protein OS=Severe acute respiratory syndrome coronavirus 2 OX=2697049 GN=E PE=1 SV=1
MYSFVSEETGTLIVNSVLLFLAFVVFLLVTLAILTALRLCAYCCNIVNVSLVKPSFYVYS
RVKNLNSSRVPDLLV",https://www.uniprot.org/uniprotkb/P0DTC4/entry,P0DTC4,75,40.00%,
Sars-CoV-2,S Protein,">sp|P0DTC2|SPIKE_SARS2 Spike glycoprotein OS=Severe acute respiratory syndrome coronavirus 2 OX=2697049 GN=S PE=1 SV=1
MFVFLVLLPLVSSQCVNLTTRTQLPPAYTNSFTRGVYYPDKVFRSSVLHSTQDLFLPFFS
NVTWFHAIHVSGTNGTKRFDNPVLPFNDGVYFASTEKSNIIRGWIFGTTLDSKTQSLLIV
NNATNVVIKVCEFQFCNDPFLGVYYHKNNKSWMESEFRVYSSANNCTFEYVSQPFLMDLE
GKQGNFKNLREFVFKNIDGYFKIYSKHTPINLVRDLPQGFSALEPLVDLPIGINITRFQT
LLALHRSYLTPGDSSSGWTAGAAAYYVGYLQPRTFLLKYNENGTITDAVDCALDPLSETK
CTLKSFTVEKGIYQTSNFRVQPTESIVRFPNITNLCPFGEVFNATRFASVYAWNRKRISN
CVADYSVLYNSASFSTFKCYGVSPTKLNDLCFTNVYADSFVIRGDEVRQIAPGQTGKIAD
YNYKLPDDFTGCVIAWNSNNLDSKVGGNYNYLYRLFRKSNLKPFERDISTEIYQAGSTPC
NGVEGFNCYFPLQSYGFQPTNGVGYQPYRVVVLSFELLHAPATVCGPKKSTNLVKNKCVN
FNFNGLTGTGVLTESNKKFLPFQQFGRDIADTTDAVRDPQTLEILDITPCSFGGVSVITP
GTNTSNQVAVLYQDVNCTEVPVAIHADQLTPTWRVYSTGSNVFQTRAGCLIGAEHVNNSY
ECDIPIGAGICASYQTQTNSPRRARSVASQSIIAYTMSLGAENSVAYSNNSIAIPTNFTI
SVTTEILPVSMTKTSVDCTMYICGDSTECSNLLLQYGSFCTQLNRALTGIAVEQDKNTQE
VFAQVKQIYKTPPIKDFGGFNFSQILPDPSKPSKRSFIEDLLFNKVTLADAGFIKQYGDC
LGDIAARDLICAQKFNGLTVLPPLLTDEMIAQYTSALLAGTITSGWTFGAGAALQIPFAM
QMAYRFNGIGVTQNVLYENQKLIANQFNSAIGKIQDSLSSTASALGKLQDVVNQNAQALN
TLVKQLSSNFGAISSVLNDILSRLDKVEAEVQIDRLITGRLQSLQTYVTQQLIRAAEIRA
SANLAATKMSECVLGQSKRVDFCGKGYHLMSFPQSAPHGVVFLHVTYVPAQEKNFTTAPA
ICHDGKAHFPREGVFVSNGTHWFVTQRNFYEPQIITTDNTFVSGNCDVVIGIVNNTVYDP
LQPELDSFKEELDKYFKNHTSPDVDLGDISGINASVVNIQKEIDRLNEVAKNLNESLIDL
QELGKYEQYIKWPWYIWLGFIAGLIAIVMVTIMLCCMTSCCSCLKGCCSCGSCCKFDEDD
SEPVLKGVKLHYT",https://www.uniprot.org/uniprotkb/P0DTC2/entry,P0DTC2,1273,94.89%,
Sars-CoV-2,N Protein,">sp|P0DTC2|SPIKE_SARS2 Spike glycoprotein OS=Severe acute respiratory syndrome coronavirus 2 OX=2697049 GN=S PE=1 SV=1
MFVFLVLLPLVSSQCVNLTTRTQLPPAYTNSFTRGVYYPDKVFRSSVLHSTQDLFLPFFS
NVTWFHAIHVSGTNGTKRFDNPVLPFNDGVYFASTEKSNIIRGWIFGTTLDSKTQSLLIV
NNATNVVIKVCEFQFCNDPFLGVYYHKNNKSWMESEFRVYSSANNCTFEYVSQPFLMDLE
GKQGNFKNLREFVFKNIDGYFKIYSKHTPINLVRDLPQGFSALEPLVDLPIGINITRFQT
LLALHRSYLTPGDSSSGWTAGAAAYYVGYLQPRTFLLKYNENGTITDAVDCALDPLSETK
CTLKSFTVEKGIYQTSNFRVQPTESIVRFPNITNLCPFGEVFNATRFASVYAWNRKRISN
CVADYSVLYNSASFSTFKCYGVSPTKLNDLCFTNVYADSFVIRGDEVRQIAPGQTGKIAD
YNYKLPDDFTGCVIAWNSNNLDSKVGGNYNYLYRLFRKSNLKPFERDISTEIYQAGSTPC
NGVEGFNCYFPLQSYGFQPTNGVGYQPYRVVVLSFELLHAPATVCGPKKSTNLVKNKCVN
FNFNGLTGTGVLTESNKKFLPFQQFGRDIADTTDAVRDPQTLEILDITPCSFGGVSVITP
GTNTSNQVAVLYQDVNCTEVPVAIHADQLTPTWRVYSTGSNVFQTRAGCLIGAEHVNNSY
ECDIPIGAGICASYQTQTNSPRRARSVASQSIIAYTMSLGAENSVAYSNNSIAIPTNFTI
SVTTEILPVSMTKTSVDCTMYICGDSTECSNLLLQYGSFCTQLNRALTGIAVEQDKNTQE
VFAQVKQIYKTPPIKDFGGFNFSQILPDPSKPSKRSFIEDLLFNKVTLADAGFIKQYGDC
LGDIAARDLICAQKFNGLTVLPPLLTDEMIAQYTSALLAGTITSGWTFGAGAALQIPFAM
QMAYRFNGIGVTQNVLYENQKLIANQFNSAIGKIQDSLSSTASALGKLQDVVNQNAQALN
TLVKQLSSNFGAISSVLNDILSRLDKVEAEVQIDRLITGRLQSLQTYVTQQLIRAAEIRA
SANLAATKMSECVLGQSKRVDFCGKGYHLMSFPQSAPHGVVFLHVTYVPAQEKNFTTAPA
ICHDGKAHFPREGVFVSNGTHWFVTQRNFYEPQIITTDNTFVSGNCDVVIGIVNNTVYDP
LQPELDSFKEELDKYFKNHTSPDVDLGDISGINASVVNIQKEIDRLNEVAKNLNESLIDL
QELGKYEQYIKWPWYIWLGFIAGLIAIVMVTIMLCCMTSCCSCLKGCCSCGSCCKFDEDD
SEPVLKGVKLHYT",https://www.uniprot.org/uniprotkb/P0DTC9/entry,P0DTC9,419,100.00%,
MERS-CoV,M Protein,">sp|K9N7A1|VME1_MERS1 Membrane protein OS=Middle East respiratory syndrome-related coronavirus (isolate United Kingdom/H123990006/2012) OX=1263720 GN=M PE=3 SV=1
MSNMTQLTEAQIIAIIKDWNFAWSLIFLLITIVLQYGYPSRSMTVYVFKMFVLWLLWPSS
MALSIFSAVYPIDLASQIISGIVAAVSAMMWISYFVQSIRLFMRTGSWWSFNPETNCLLN
VPFGGTTVVRPLVEDSTSVTAVVTNGHLKMAGMHFGACDYDRLPNEVTVAKPNVLIALKM
VKRQSYGTNSGVAIYHRYKAGNYRSPPITADIELALLRA",https://www.uniprot.org/uniprotkb/K9N7A1/entry,K9N7A1,219,84.93%,
MERS-CoV,E Protein,">sp|K9N5R3|VEMP_MERS1 Envelope small membrane protein OS=Middle East respiratory syndrome-related coronavirus (isolate United Kingdom/H123990006/2012) OX=1263720 GN=E PE=1 SV=1
MLPFVQERIGLFIVNFFIFTVVCAITLLVCMAFLTATRLCVQCMTGFNTLLVQPALYLYN
TGRSVYVKFQDSKPPLPPDEWV",https://www.uniprot.org/uniprotkb/K9N5R3/entry,K9N5R3,82,46.34%,
MERS-CoV,S Protein,">sp|K9N5Q8|SPIKE_MERS1 Spike glycoprotein OS=Middle East respiratory syndrome-related coronavirus (isolate United Kingdom/H123990006/2012) OX=1263720 GN=S PE=1 SV=1
MIHSVFLLMFLLTPTESYVDVGPDSVKSACIEVDIQQTFFDKTWPRPIDVSKADGIIYPQ
GRTYSNITITYQGLFPYQGDHGDMYVYSAGHATGTTPQKLFVANYSQDVKQFANGFVVRI
GAAANSTGTVIISPSTSATIRKIYPAFMLGSSVGNFSDGKMGRFFNHTLVLLPDGCGTLL
RAFYCILEPRSGNHCPAGNSYTSFATYHTPATDCSDGNYNRNASLNSFKEYFNLRNCTFM
YTYNITEDEILEWFGITQTAQGVHLFSSRYVDLYGGNMFQFATLPVYDTIKYYSIIPHSI
RSIQSDRKAWAAFYVYKLQPLTFLLDFSVDGYIRRAIDCGFNDLSQLHCSYESFDVESGV
YSVSSFEAKPSGSVVEQAEGVECDFSPLLSGTPPQVYNFKRLVFTNCNYNLTKLLSLFSV
NDFTCSQISPAAIASNCYSSLILDYFSYPLSMKSDLSVSSAGPISQFNYKQSFSNPTCLI
LATVPHNLTTITKPLKYSYINKCSRFLSDDRTEVPQLVNANQYSPCVSIVPSTVWEDGDY
YRKQLSPLEGGGWLVASGSTVAMTEQLQMGFGITVQYGTDTNSVCPKLEFANDTKIASQL
GNCVEYSLYGVSGRGVFQNCTAVGVRQQRFVYDAYQNLVGYYSDDGNYYCLRACVSVPVS
VIYDKETKTHATLFGSVACEHISSTMSQYSRSTRSMLKRRDSTYGPLQTPVGCVLGLVNS
SLFVEDCKLPLGQSLCALPDTPSTLTPRSVRSVPGEMRLASIAFNHPIQVDQLNSSYFKL
SIPTNFSFGVTQEYIQTTIQKVTVDCKQYVCNGFQKCEQLLREYGQFCSKINQALHGANL
RQDDSVRNLFASVKSSQSSPIIPGFGGDFNLTLLEPVSISTGSRSARSAIEDLLFDKVTI
ADPGYMQGYDDCMQQGPASARDLICAQYVAGYKVLPPLMDVNMEAAYTSSLLGSIAGVGW
TAGLSSFAAIPFAQSIFYRLNGVGITQQVLSENQKLIANKFNQALGAMQTGFTTTNEAFH
KVQDAVNNNAQALSKLASELSNTFGAISASIGDIIQRLDVLEQDAQIDRLINGRLTTLNA
FVAQQLVRSESAALSAQLAKDKVNECVKAQSKRSGFCGQGTHIVSFVVNAPNGLYFMHVG
YYPSNHIEVVSAYGLCDAANPTNCIAPVNGYFIKTNNTRIVDEWSYTGSSFYAPEPITSL
NTKYVAPQVTYQNISTNLPPPLLGNSTGIDFQDELDEFFKNVSTSIPNFGSLTQINTTLL
DLTYEMLSLQQVVKALNESYIDLKELGNYTYYNKWPWYIWLGFIAGLVALALCVFFILCC
TGCGTNCMGKLKCNRCCDRYEEYDLEPHKVHVH",https://www.uniprot.org/uniprotkb/K9N5Q8/entry,K9N5Q8,1353,95.42%,
MERS-CoV,N Protein,">sp|K9N4V7|NCAP_MERS1 Nucleoprotein OS=Middle East respiratory syndrome-related coronavirus (isolate United Kingdom/H123990006/2012) OX=1263720 GN=N PE=1 SV=1
MASPAAPRAVSFADNNDITNTNLSRGRGRNPKPRAAPNNTVSWYTGLTQHGKVPLTFPPG
QGVPLNANSTPAQNAGYWRRQDRKINTGNGIKQLAPRWYFYYTGTGPEAALPFRAVKDGI
VWVHEDGATDAPSTFGTRNPNNDSAIVTQFAPGTKLPKNFHIEGTGGNSQSSSRASSVSR
NSSRSSSQGSRSGNSTRGTSPGPSGIGAVGGDLLYLDLLNRLQALESGKVKQSQPKVITK
KDAAAAKNKMRHKRTSTKSFNMVQAFGLRGPGDLQGNFGDLQLNKLGTEDPRWPQIAELA
PTASAFMGMSQFKLTHQNNDDHGNPVYFLRYSGAIKLDPKNPNYNKWLELLEQNIDAYKT
FPKKEKKQKAPKEESTDQMSEPPKEHRVQGTQRTRTRPSVQPGPMIDVNTD",https://www.uniprot.org/uniprotkb/K9N4V7/entry,K9N4V7,411,100.00%,
Bovine Coronavirus,M Protein,">sp|P69705|VME1_CVBQ Membrane protein OS=Bovine coronavirus (strain Quebec) OX=11133 GN=M PE=3 SV=1
MSSVTTPAPVYTWTADEAIKFLKEWNFSLGIILLFITIILQFGYTSRSMFVYVIKMIILW
LMWPLTIILTIFNCVYALNNVYLGFSIVFTIVAIIMWIVYFVNSIRLFIRTGSWWSFNPE
TNNLMCIDMKGRMYVRPIIEDYHTLTVTIIRGHLYMQGIKLGTGYSLSDLPAYVTVAKVS
HLLTYKRGFLDKIGDTSGFAVYVKSKVGNYRLPSTQKGSGMDTALLRNNI",https://www.uniprot.org/uniprotkb/P69705/entry,P69705,230,81.30%,
Bovine Coronavirus,E Protein,">sp|P0C2Q7|VEMP_CVBQ Envelope small membrane protein OS=Bovine coronavirus (strain Quebec) OX=11133 GN=E PE=3 SV=1
MFMADAYFADTVWYVGQIIFIVAICLLVIIVVVAFLATFKLCIQLCGMCNTLVLSPSIYV
FNRGRQFYEFYNDVKPPVLDVDDV",https://www.uniprot.org/uniprotkb/P0C2Q7/entry,P0C2Q7,84,100.00%,
Bovine Coronavirus,S Protein,">sp|P25193|SPIKE_CVBQ Spike glycoprotein OS=Bovine coronavirus (strain Quebec) OX=11133 GN=S PE=3 SV=2
MFLILLISLPMAFAVIGDLKCTTVSINDVDTGAPSISTDIVDVTNGLGTYYVLDRVYLNT
TLLLNGYYPTSGSTYRNMALKGTLLLSRLWFKPPFLSDFINGIFAKVKNTKVIKKGVMYS
EFPAITIGSTFVNTSYSVVVQPHTTNLDNKLQGLLEISVCQYTMCEYPHTICHPKLGNKR
VELWHWDTGVVSCLYKRNFTYDVNADYLYFHFYQEGGTFYAYFTDTGVVTKFLFNVYLGT
VLSHYYVLPLTCSSAMTLEYWVTPLTSKQYLLAFNQDGVIFNAVDCKSDFMSEIKCKTLS
IAPSTGVYELNGYTVQPIADVYRRIPNLPDCNIEAWLNDKSVPSPLNWERKTFSNCNFNM
SSLMSFIQADSFTCNNIDAAKIYGMCFSSITIDKFAIPNGRKVDLQLGNLGYLQSFNYRI
DTTATSCQLYYNLPAANVSVSRFNPSTWNRRFGFTEQFVFKPQPVGVFTHHDVVYAQHCF
KAPKNFCPCKLDGSLCVGNGPGIDAGYKNSGIGTCPAGTNYLTCHNAAQCDCLCTPDPIT
SKSTGPYKCPQTKYLVGIGEHCSGLAIKSDYCGGNPCTCQPQAFLGWSVDSCLQGDRCNI
FANFIFHDVNSGTTCSTDLQKSNTDIILGVCVNYDLYGITGQGIFVEVNATYYNSWQNLL
YDSNGNLYGFRDYLTNRTFMIRSCYSGRVSAAFHANSSEPALLFRNIKCNYVFNNTLSRQ
LQPINYFDSYLGCVVNADNSTSSVVQTCDLTVGSGYCVDYSTKRRSRRAITTGYRFTNFE
PFTVNSVNDSLEPVGGLYEIQIPSEFTIGNMEEFIQTSSPKVTIDCSAFVCGDYAACKSQ
LVEYGSFCDNINAILTEVNELLDTTQLQVANSLMNGVTLSTKLKDGVNFNVDDINFSPVL
GCLGSACNKVSSRSAIEDLLFSKVKLSDVGFVEAYNNCTGGAEIRDLICVQSYNGIKVLP
PLLSVNQISGYTLAATSASLFPPLSAAVGVPFYLNVQYRINGIGVTMDVLSQNQKLIANA
FNNALDAIQEGFDATNSALVKIQAVVNANAEALNNLLQQLSNRFGAISSSLQEILSRLDA
LEAQAQIDRLINGRLTALNVYVSQQLSDSTLVKFSAAQAMEKVNECVKSQSSRINFCGNG
NHIISLVQNAPYGLYFIHFSYVPTKYVTAKVSPGLCIAGDRGIAPKSGYFVNVNNTWMFT
GSGYYYPEPITGNNVVVMSTCAVNYTKAPDVMLNISTPNLHDFKEELDQWFKNQTSVAPD
LSLDYINVTFLDLQDEMNRLQEAIKVLNQSYINLKDIGTYEYYVKWPWYVWLLIGFAGVA
MLVLLFFICCCTGCGTSCFKICGGCCDDYTGHQELVIKTSHDD",https://www.uniprot.org/uniprotkb/P25193/entry,P25193,1363,89.44%,
Bovine Coronavirus,N Protein,">sp|P59712|NCAP_CVBQ Nucleoprotein OS=Bovine coronavirus (strain Quebec) OX=11133 GN=N PE=3 SV=1
MSFTPGKQSSSRASFGNRSGNGILKWADQSDQSRNVQTRGRRAQPKQTATSQLPSGGNVV
PYYSWFSGITQFQKGKEFEFAEGQGVPIAPGVPATEAKGYWYRHNRRSFKTADGNQRQLL
PRWYFYYLGTGPHAKDQYGTDIDGVFWVASNQADVNTPADILDRDPSSDEAIPTRFPPGT
VLPQGYYIEGSGRSAPNSRSTSRASSRASSAGSRSRANSGNRTPTSGVTPDMADQIASLV
LAKLGKDATKPQQVTKQTAKEIRQKILNKPRQKRSPNKQCTVQQCFGKRGPNQNFGGGEM
LKLGTSDPQFPILAELAPTAGAFFFGSRLELAKVQNLSGNLDEPQKDVYELRYNGAIRFD
STLSGFETIMKVLNENLNAYQQQDGMMNMSPKPQRQRGQKNGQGENDNISVAAPKSRVQQ
NKSRELTAEDISLLKKMDEPYTEDTSEI",https://www.uniprot.org/uniprotkb/P59712/entry,P59712,448,32.14%,
Murine Coronavirus,M Protein,">sp|P08549|VME1_CVMJH Membrane protein OS=Murine coronavirus (strain JHM) OX=11144 GN=M PE=1 SV=1
MSSTTQAPGPVYQWTADEAVQFLKEWNFSLGIILLFITIILQFGYTSRSMFIYVVKMIIL
WLMWPLIIVLCMFNCVYALNNVYLGFSIVFTIVSVVMWIMYFVNSIRLFIRTGSWWSFNP
ETNNLMCIDMKGTVYVRPIIEDYHTLTATIIRGHFYMQGVKLGTGFSLSDLPAYVTVAKV
SHLCTYKRAFLDKVDGVSGFAVYVKSKVGNYRLPSNKPSGADTVLLRI",https://www.uniprot.org/uniprotkb/P08549/entry,P08549,228,82.02%,
Murine Coronavirus,E Protein,">sp|P0C2R0|VEMP_CVMA5 Envelope small membrane protein OS=Murine coronavirus (strain A59) OX=11142 GN=E PE=1 SV=1
MFNLFLTDTVWYVGQIIFIFAVCLMVTIIVVAFLASIKLCIQLCGLCNTLVLSPSIYLYD
RSKQLYKYYNEEMRLPLLEVDDI",https://www.uniprot.org/uniprotkb/P0C2R0/entry,P0C2R0,83,0.00%,
Murine Coronavirus,S Protein,">sp|P22432|SPIKE_CVM4 Spike glycoprotein OS=Murine coronavirus (strain 4) OX=12760 GN=S PE=3 SV=1
MLFVFILLLPSCLGYIGDFRCIQTVNYNGNNASAPSISTEAVDVSKGLGTYYVLDRVYLN
ATLLLTGYYPVDGSNYRNLALTGTNTLSLTWFKPPFLSEFNDGIFAKVQNLKTNTPTGAT
SYFPTIVIGSLFGNTSYTVVLEPYNNIIMASVCTYTICQLPYTPCKPNTNGNRVIGFWHT
DVKPPICLLKRNFTFNVNAPWLYFHFYQQGGTFYAYYADKPSATTFLFSVYIGDILTQYF
VLPFICTPTAGSTLLPLYWVTPLLKRQYLFNFNEKGVITSAVDCASSYISEIKCKTQSLL
PSTGVYDLSGYTVQPVGVVYRRVPNLPDCKIEEWLTAKSVPSPLNWERRTFQNCNFNLSS
LLRYVQAESLSCNNIDASKVYGMCFGSVSVDKFAIPRSRQIDLQIGNSGFLQTANYKIDT
AATSCQLYYSLPKNNVTINNYNPSSWNRRYGFNDAGVFGKSKHDVAYAQQCFTVRPSYCP
CAQPDIVSACTSQTKPMSAYCPTGTIHRECSLWNGPHLRSARVGSGTYTCECTCKPNPFD
TYDLRCGQIKTIVNVGDHCEGLGVLEDKCGNSDPHKGCSCANDSFIGWSHDTCLVNDRCQ
IFANILLNGINSGTTCSTDLQLPNTEVATGVCVRYDLYGITGQGVFKEVKADYYNSWQAL
LYDVNGNLNGFRDLTTNKTYTIRSCYSGRVSAAYHKEAPEPALLYRNINCSYVFTNNISR
EENPLNYFDSYLGCVVNADNRTDEALPNCDLRMGAGLCVDYSKSRRARRSVSTGYRLTTF
EPYMPMLVNDSVQSVGGLYEMQIPTNFTIGHHEEFIQIRAPKVTIDCAAFVCGDNAACRQ
QLVEYGSFCDNVNAILNEVNNLLDNMQLQVASALMQGVTISSRLPDGISGPIDDINFSPL
LGCIGSTCAEDGNGPSAIRGRSAIEDLLFDKVKLSDVGFVEAYNNCTGGQEVRDLLCVQS
FNGIKVLPPVLSESQISGYTAGATAAAMFPPWTAAAGVPFSLNVQYRINGLGVTMNVLSE
NQKMIASAFNNALGAIQEGFDATNSALGKIQSVVNANAEALNNLLNQLSNRFGAISASLQ
EILTRLDAVEAKAQIDRLINGRLTALNAYISKQLSDSTLIKFSAAQAIEKVNECVKSQTT
RINFCGNGNHILSLVQNAPYGLCFIHFSYVPTSFKTANVSPGLCISGDRGLAPKAGYFVQ
DNGEWKFTGSNYYYPEPITDKNSVVMISCAVNYTKAPEVFLNNSIPNLPDFKEELDKWFK
NQTSIAPDLSLDFEKLNVTFLDLTYEMNRIQDAIKKLNESYINLKEVGTYEMYVKWPWYV
WLLIGLAGVAVCVLLFFICCCTGCGSCCFRKCGSCCDEYGGHQDSIVIHNISAHED",https://www.uniprot.org/uniprotkb/P22432/entry,P22432,1376,89.24%,
Murine Coronavirus,N Protein,">sp|P03416|NCAP_CVMA5 Nucleoprotein OS=Murine coronavirus (strain A59) OX=11142 GN=N PE=1 SV=2
MSFVPGQENAGGRSSSVNRAGNGILKKTTWADQTERGPNNQNRGRRNQPKQTATTQPNSG
SVVPHYSWFSGITQFQKGKEFQFAEGQGVPIANGIPASEQKGYWYRHNRRSFKTPDGQQK
QLLPRWYFYYLGTGPHAGASYGDSIEGVFWVANSQADTNTRSDIVERDPSSHEAIPTRFA
PGTVLPQGFYVEGSGRSAPASRSGSRSQSRGPNNRARSSSNQRQPASTVKPDMAEEIAAL
VLAKLGKDAGQPKQVTKQSAKEVRQKILNKPRQKRTPNKQCPVQQCFGKRGPNQNFGGSE
MLKLGTSDPQFPILAELAPTVGAFFFGSKLELVKKNSGGADEPTKDVYELQYSGAVRFDS
TLPGFETIMKVLNENLNAYQKDGGADVVSPKPQRKGRRQAQEKKDEVDNVSVAKPKSSVQ
RNVSRELTPEDRSLLAQILDDGVVPDGLEDDSNV",https://www.uniprot.org/uniprotkb/P03416/entry,P03416,454,100.00%,
Human Coronavirus HCoV-HKU1,M Protein,">sp|Q5MQC7|VME1_CVHN1 Membrane protein OS=Human coronavirus HKU1 (isolate N1) OX=443239 GN=M PE=3 SV=1
MNKSFLPQFTSDQAVTFLKEWNFSLGVILLFITIILQFGYTSRSMFVYLIKMIILWLMWP
LTITLTIFNCFYALNNAFLAFSIVFTIISIVIWILYFVNSIRLFIRTGSWWSFNPETNNL
MCIDMKGKMFVRPVIEDYHTLTATVIRGHLYIQGVKLGTGYTLSDLPVYVTVAKVQVLCT
YKRAFLDKLDVNSGFAVFVKSKVGNYRLPSSKPSGMDTALLRA",https://www.uniprot.org/uniprotkb/Q5MQC7/entry,Q5MQC7,223,100.00%,
Human Coronavirus HCoV-HKU1,E Protein,">sp|Q5MQC8|VEMP_CVHN1 Envelope small membrane protein OS=Human coronavirus HKU1 (isolate N1) OX=443239 GN=E PE=3 SV=1
MVDLFFNDTAWYIGQILVLVLFCLISLIFVVAFLATIKLCMQLCGFCNFFIISPSAYVYK
RGMQLYKSYSEQVIPPTSDYLI",https://www.uniprot.org/uniprotkb/Q5MQC8/entry,Q5MQC8,82,100.00%,
Human Coronavirus HCoV-HKU1,S Protein,">sp|Q0ZME7|SPIKE_CVHN5 Spike glycoprotein OS=Human coronavirus HKU1 (isolate N5) OX=443241 GN=S PE=1 SV=1
MFLIIFILPTTLAVIGDFNCTNSFINDYNKTIPRISEDVVDVSLGLGTYYVLNRVYLNTT
LLFTGYFPKSGANFRDLALKGSIYLSTLWYKPPFLSDFNNGIFSKVKNTKLYVNNTLYSE
FSTIVIGSVFVNTSYTIVVQPHNGILEITACQYTMCEYPHTVCKSKGSIRNESWHIDSSE
PLCLFKKNFTYNVSADWLYFHFYQERGVFYAYYADVGMPTTFLFSLYLGTILSHYYVMPL
TCNAISSNTDNETLEYWVTPLSRRQYLLNFDEHGVITNAVDCSSSFLSEIQCKTQSFAPN
TGVYDLSGFTVKPVATVYRRIPNLPDCDIDNWLNNVSVPSPLNWERRIFSNCNFNLSTLL
RLVHVDSFSCNNLDKSKIFGSCFNSITVDKFAIPNRRRDDLQLGSSGFLQSSNYKIDISS
SSCQLYYSLPLVNVTINNFNPSSWNRRYGFGSFNLSSYDVVYSDHCFSVNSDFCPCADPS
VVNSCAKSKPPSAICPAGTKYRHCDLDTTLYVKNWCRCSCLPDPISTYSPNTCPQKKVVV
GIGEHCPGLGINEEKCGTQLNHSSCFCSPDAFLGWSFDSCISNNRCNIFSNFIFNGINSG
TTCSNDLLYSNTEISTGVCVNYDLYGITGQGIFKEVSAAYYNNWQNLLYDSNGNIIGFKD
FLTNKTYTILPCYSGRVSAAFYQNSSSPALLYRNLKCSYVLNNISFISQPFYFDSYLGCV
LNAVNLTSYSVSSCDLRMGSGFCIDYALPSSRRKRRGISSPYRFVTFEPFNVSFVNDSVE
TVGGLFEIQIPTNFTIAGHEEFIQTSSPKVTIDCSAFVCSNYAACHDLLSEYGTFCDNIN
SILNEVNDLLDITQLQVANALMQGVTLSSNLNTNLHSDVDNIDFKSLLGCLGSQCGSSSR
SLLEDLLFNKVKLSDVGFVEAYNNCTGGSEIRDLLCVQSFNGIKVLPPILSETQISGYTT
AATVAAMFPPWSAAAGVPFSLNVQYRINGLGVTMDVLNKNQKLIANAFNKALLSIQNGFT
ATNSALAKIQSVVNANAQALNSLLQQLFNKFGAISSSLQEILSRLDNLEAQVQIDRLING
RLTALNAYVSQQLSDITLIKAGASRAIEKVNECVKSQSPRINFCGNGNHILSLVQNAPYG
LLFIHFSYKPTSFKTVLVSPGLCLSGDRGIAPKQGYFIKQNDSWMFTGSSYYYPEPISDK
NVVFMNSCSVNFTKAPFIYLNNSIPNLSDFEAELSLWFKNHTSIAPNLTFNSHINATFLD
LYYEMNVIQESIKSLNSSFINLKEIGTYEMYVKWPWYIWLLIVILFIIFLMILFFICCCT
GCGSACFSKCHNCCDEYGGHNDFVIKASHDD",https://www.uniprot.org/uniprotkb/Q0ZME7/entry,Q0ZME7,1351,93.34%,
Human Coronavirus HCoV-HKU1,N Protein,">sp|Q0ZME7|SPIKE_CVHN5 Spike glycoprotein OS=Human coronavirus HKU1 (isolate N5) OX=443241 GN=S PE=1 SV=1
MFLIIFILPTTLAVIGDFNCTNSFINDYNKTIPRISEDVVDVSLGLGTYYVLNRVYLNTT
LLFTGYFPKSGANFRDLALKGSIYLSTLWYKPPFLSDFNNGIFSKVKNTKLYVNNTLYSE
FSTIVIGSVFVNTSYTIVVQPHNGILEITACQYTMCEYPHTVCKSKGSIRNESWHIDSSE
PLCLFKKNFTYNVSADWLYFHFYQERGVFYAYYADVGMPTTFLFSLYLGTILSHYYVMPL
TCNAISSNTDNETLEYWVTPLSRRQYLLNFDEHGVITNAVDCSSSFLSEIQCKTQSFAPN
TGVYDLSGFTVKPVATVYRRIPNLPDCDIDNWLNNVSVPSPLNWERRIFSNCNFNLSTLL
RLVHVDSFSCNNLDKSKIFGSCFNSITVDKFAIPNRRRDDLQLGSSGFLQSSNYKIDISS
SSCQLYYSLPLVNVTINNFNPSSWNRRYGFGSFNLSSYDVVYSDHCFSVNSDFCPCADPS
VVNSCAKSKPPSAICPAGTKYRHCDLDTTLYVKNWCRCSCLPDPISTYSPNTCPQKKVVV
GIGEHCPGLGINEEKCGTQLNHSSCFCSPDAFLGWSFDSCISNNRCNIFSNFIFNGINSG
TTCSNDLLYSNTEISTGVCVNYDLYGITGQGIFKEVSAAYYNNWQNLLYDSNGNIIGFKD
FLTNKTYTILPCYSGRVSAAFYQNSSSPALLYRNLKCSYVLNNISFISQPFYFDSYLGCV
LNAVNLTSYSVSSCDLRMGSGFCIDYALPSSRRKRRGISSPYRFVTFEPFNVSFVNDSVE
TVGGLFEIQIPTNFTIAGHEEFIQTSSPKVTIDCSAFVCSNYAACHDLLSEYGTFCDNIN
SILNEVNDLLDITQLQVANALMQGVTLSSNLNTNLHSDVDNIDFKSLLGCLGSQCGSSSR
SLLEDLLFNKVKLSDVGFVEAYNNCTGGSEIRDLLCVQSFNGIKVLPPILSETQISGYTT
AATVAAMFPPWSAAAGVPFSLNVQYRINGLGVTMDVLNKNQKLIANAFNKALLSIQNGFT
ATNSALAKIQSVVNANAQALNSLLQQLFNKFGAISSSLQEILSRLDNLEAQVQIDRLING
RLTALNAYVSQQLSDITLIKAGASRAIEKVNECVKSQSPRINFCGNGNHILSLVQNAPYG
LLFIHFSYKPTSFKTVLVSPGLCLSGDRGIAPKQGYFIKQNDSWMFTGSSYYYPEPISDK
NVVFMNSCSVNFTKAPFIYLNNSIPNLSDFEAELSLWFKNHTSIAPNLTFNSHINATFLD
LYYEMNVIQESIKSLNSSFINLKEIGTYEMYVKWPWYIWLLIVILFIIFLMILFFICCCT
GCGSACFSKCHNCCDEYGGHNDFVIKASHDD",https://www.uniprot.org/uniprotkb/Q5MQC6/entry,Q5MQC6,441,100.00%,